{
	"textures": {
		"0": "block/torch/torch",
		"1": "block/torch/redstone_torch_on",
		"particle": "block/torch/redstone_torch_on"
	},
	"elements": [
		{
			"from": [7, 0, 7],
			"to": [9, 10, 9],
			"rotation": {"angle": 0, "axis": "z", "origin": [8, 5, 8]},
			"faces": {
				"north": {"uv": [7, 6, 9, 16], "texture": "#1"},
				"east": {"uv": [6, 6, 4, 16], "texture": "#1"},
				"south": {"uv": [0, 6, 2, 16], "texture": "#1"},
				"west": {"uv": [4, 6, 2, 16], "texture": "#1"},
				"up": {"uv": [16, 0, 14, 2], "texture": "#1"},
				"down": {"uv": [11, 14, 9, 16], "texture": "#1", "cullface": "down"}
			}
		},
		{
			"from": [6.875, 7, 6.875],
			"to": [9.125, 8, 9.125],
			"rotation": {"angle": 0, "axis": "z", "origin": [8, 7.5, 8]},
			"faces": {
				"north": {"uv": [9, 15, 12, 16], "texture": "#0"},
				"east": {"uv": [9, 13, 12, 14], "texture": "#0"},
				"south": {"uv": [9, 15, 12, 16], "texture": "#0"},
				"west": {"uv": [9, 13, 12, 14], "texture": "#0"},
				"up": {"uv": [9, 13, 12, 16], "texture": "#0"},
				"down": {"uv": [9, 13, 12, 16], "texture": "#0"}
			}
		}
	],
	"gui_light": "front",
	"display": {
		"thirdperson_righthand": {
			"rotation": [-38, 90, 55],
			"translation": [0, 3.5, 3],
			"scale": [0.85, 0.85, 0.85]
		},
		"thirdperson_lefthand": {
			"rotation": [-38, -90, -55],
			"translation": [0, 3.5, 3],
			"scale": [0.85, 0.85, 0.85]
		},
		"firstperson_righthand": {
			"rotation": [-22, 88, 0],
			"translation": [2.5, 6, -0.75]
		},
		"firstperson_lefthand": {
			"rotation": [-22, -88, 0],
			"translation": [2.5, 6, -0.75]
		},
		"ground": {
			"translation": [0, 2, 0],
			"scale": [0.5, 0.5, 0.5]
		},
		"head": {
			"rotation": [0, 90, 0],
			"translation": [0, 13, 0]
		},
		"fixed": {
			"rotation": [0, 90, 0],
			"translation": [0, 2.5, 0]
		}
	}
}